USE electronics;

INSERT INTO `users` (`id`, `firstname`, `lastname`, `email`, `phone`) VALUES ('1', 'Angus', 'Murphy', 'myriam91@example.net', '982181');
INSERT INTO `users` (`id`, `firstname`, `lastname`, `email`, `phone`) VALUES ('2', 'Heaven', 'Johns', 'macejkovic.maxime@example.org', '982182');
INSERT INTO `users` (`id`, `firstname`, `lastname`, `email`, `phone`) VALUES ('3', 'Deontae', 'Mueller', 'wcronin@example.org', '1');
INSERT INTO `users` (`id`, `firstname`, `lastname`, `email`, `phone`) VALUES ('4', 'Kennedy', 'Cruickshank', 'ytorphy@example.com', '982183');
INSERT INTO `users` (`id`, `firstname`, `lastname`, `email`, `phone`) VALUES ('5', 'Tatum', 'Hoeger', 'yost.ryley@example.org', '36');
INSERT INTO `users` (`id`, `firstname`, `lastname`, `email`, `phone`) VALUES ('6', 'Rasheed', 'Treutel', 'meaghan.monahan@example.com', '310');
INSERT INTO `users` (`id`, `firstname`, `lastname`, `email`, `phone`) VALUES ('7', 'Otilia', 'Legros', 'stella.hoeger@example.net', '9821890');
INSERT INTO `users` (`id`, `firstname`, `lastname`, `email`, `phone`) VALUES ('8', 'Johnathon', 'Emard', 'greenfelder.baron@example.net', '982187');
INSERT INTO `users` (`id`, `firstname`, `lastname`, `email`, `phone`) VALUES ('9', 'Julien', 'Goodwin', 'pklein@example.net', '456436');
INSERT INTO `users` (`id`, `firstname`, `lastname`, `email`, `phone`) VALUES ('10', 'Dagmar', 'McLaughlin', 'omann@example.org', '1');
INSERT INTO `users` (`id`, `firstname`, `lastname`, `email`, `phone`) VALUES ('11', 'Maida', 'Thompson', 'name.altenwerth@example.org', '84');
INSERT INTO `users` (`id`, `firstname`, `lastname`, `email`, `phone`) VALUES ('12', 'Milan', 'Schulist', 'hiram.corkery@example.org', '1');
INSERT INTO `users` (`id`, `firstname`, `lastname`, `email`, `phone`) VALUES ('13', 'Daphney', 'Collier', 'cruz77@example.com', '241');
INSERT INTO `users` (`id`, `firstname`, `lastname`, `email`, `phone`) VALUES ('14', 'Adrianna', 'Carter', 'wuckert.rowena@example.net', '126');
INSERT INTO `users` (`id`, `firstname`, `lastname`, `email`, `phone`) VALUES ('15', 'Vicenta', 'Fahey', 'keira48@example.com', '293384');
INSERT INTO `users` (`id`, `firstname`, `lastname`, `email`, `phone`) VALUES ('16', 'Winifred', 'Little', 'hyatt.damaris@example.net', '665157');
INSERT INTO `users` (`id`, `firstname`, `lastname`, `email`, `phone`) VALUES ('17', 'Webster', 'Langworth', 'joey85@example.com', '546456546');
INSERT INTO `users` (`id`, `firstname`, `lastname`, `email`, `phone`) VALUES ('18', 'Ronny', 'Farrell', 'dschmidt@example.com', '481086183');
INSERT INTO `users` (`id`, `firstname`, `lastname`, `email`, `phone`) VALUES ('19', 'Trent', 'Hayes', 'tgreen@example.com', '6');
INSERT INTO `users` (`id`, `firstname`, `lastname`, `email`, `phone`) VALUES ('20', 'Terry', 'Schuster', 'ritchie.marty@example.com', '18');
INSERT INTO `users` (`id`, `firstname`, `lastname`, `email`, `phone`) VALUES ('21', 'Sim', 'Hudson', 'armando34@example.com', '89860');
INSERT INTO `users` (`id`, `firstname`, `lastname`, `email`, `phone`) VALUES ('22', 'Melvina', 'Waelchi', 'travis85@example.net', '713933');
INSERT INTO `users` (`id`, `firstname`, `lastname`, `email`, `phone`) VALUES ('23', 'Wade', 'Hermiston', 'uconn@example.com', '5267408421');
INSERT INTO `users` (`id`, `firstname`, `lastname`, `email`, `phone`) VALUES ('24', 'Mia', 'Jast', 'rodger.schuster@example.org', '5209493618');
INSERT INTO `users` (`id`, `firstname`, `lastname`, `email`, `phone`) VALUES ('25', 'Corene', 'Emmerich', 'wayne.towne@example.org', '546346');
INSERT INTO `users` (`id`, `firstname`, `lastname`, `email`, `phone`) VALUES ('26', 'Arely', 'Spencer', 'waelchi.chasity@example.org', '1');
INSERT INTO `users` (`id`, `firstname`, `lastname`, `email`, `phone`) VALUES ('27', 'Evan', 'Zemlak', 'rhills@example.com', '5010259343');
INSERT INTO `users` (`id`, `firstname`, `lastname`, `email`, `phone`) VALUES ('28', 'Alexandrine', 'King', 'rosella45@example.org', '546345645');
INSERT INTO `users` (`id`, `firstname`, `lastname`, `email`, `phone`) VALUES ('29', 'Adonis', 'Lang', 'danial93@example.com', '5634564');
INSERT INTO `users` (`id`, `firstname`, `lastname`, `email`, `phone`) VALUES ('30', 'Laron', 'Murazik', 'alanis99@example.com', '693860');
INSERT INTO `users` (`id`, `firstname`, `lastname`, `email`, `phone`) VALUES ('31', 'Ilene', 'Haley', 'kemmer.clifton@example.com', '1');
INSERT INTO `users` (`id`, `firstname`, `lastname`, `email`, `phone`) VALUES ('32', 'Miracle', 'Cummings', 'melvina09@example.org', '45634565546456');
INSERT INTO `users` (`id`, `firstname`, `lastname`, `email`, `phone`) VALUES ('33', 'Bettie', 'Bernhard', 'ysteuber@example.com', '3464564565');
INSERT INTO `users` (`id`, `firstname`, `lastname`, `email`, `phone`) VALUES ('34', 'Carolyn', 'Konopelski', 'uhilpert@example.org', '849170');
INSERT INTO `users` (`id`, `firstname`, `lastname`, `email`, `phone`) VALUES ('35', 'Rickey', 'Murray', 'bemmerich@example.com', '8056538270');
INSERT INTO `users` (`id`, `firstname`, `lastname`, `email`, `phone`) VALUES ('36', 'Candida', 'Borer', 'camilla.mccullough@example.org', '418509');
INSERT INTO `users` (`id`, `firstname`, `lastname`, `email`, `phone`) VALUES ('37', 'Jacques', 'Mitchell', 'kellie25@example.org', '5463456453');
INSERT INTO `users` (`id`, `firstname`, `lastname`, `email`, `phone`) VALUES ('38', 'Cleta', 'Boyer', 'frami.lucas@example.com', '74895');
INSERT INTO `users` (`id`, `firstname`, `lastname`, `email`, `phone`) VALUES ('39', 'Christine', 'Turner', 'bernier.jayne@example.net', '456456');
INSERT INTO `users` (`id`, `firstname`, `lastname`, `email`, `phone`) VALUES ('40', 'Lura', 'Dicki', 'ecummerata@example.org', '722325');
INSERT INTO `users` (`id`, `firstname`, `lastname`, `email`, `phone`) VALUES ('41', 'Dashawn', 'Willms', 'cora68@example.com', '23');
INSERT INTO `users` (`id`, `firstname`, `lastname`, `email`, `phone`) VALUES ('42', 'Tyler', 'Altenwerth', 'colby49@example.net', '5646453');
INSERT INTO `users` (`id`, `firstname`, `lastname`, `email`, `phone`) VALUES ('43', 'Nolan', 'Mosciski', 'jziemann@example.org', '546456343');
INSERT INTO `users` (`id`, `firstname`, `lastname`, `email`, `phone`) VALUES ('44', 'Christelle', 'Moen', 'sanford.jules@example.com', '850');
INSERT INTO `users` (`id`, `firstname`, `lastname`, `email`, `phone`) VALUES ('45', 'Pearlie', 'Armstrong', 'layne.stark@example.net', '1');
INSERT INTO `users` (`id`, `firstname`, `lastname`, `email`, `phone`) VALUES ('46', 'Johanna', 'Walsh', 'carmine.medhurst@example.com', '452094');
INSERT INTO `users` (`id`, `firstname`, `lastname`, `email`, `phone`) VALUES ('47', 'Wilmer', 'Hammes', 'joannie.wiza@example.net', '558024');
INSERT INTO `users` (`id`, `firstname`, `lastname`, `email`, `phone`) VALUES ('48', 'Lizeth', 'Labadie', 'jwillms@example.net', '654683');
INSERT INTO `users` (`id`, `firstname`, `lastname`, `email`, `phone`) VALUES ('49', 'Shana', 'Hyatt', 'tod.hirthe@example.com', '1');
INSERT INTO `users` (`id`, `firstname`, `lastname`, `email`, `phone`) VALUES ('50', 'Marlon', 'Hirthe', 'dorris74@example.net', '61436989');



INSERT INTO `accounts` (`user_id`, `gender`, `birthday`, `hometown`) VALUES ('1', 'M', '2002-08-06', 'Chazburgh');
INSERT INTO `accounts` (`user_id`, `gender`, `birthday`, `hometown`) VALUES ('2', 'P', '2018-03-24', 'Monroefurt');
INSERT INTO `accounts` (`user_id`, `gender`, `birthday`, `hometown`) VALUES ('3', 'P', '1996-08-05', 'Jaquelinechester');
INSERT INTO `accounts` (`user_id`, `gender`, `birthday`, `hometown`) VALUES ('4', 'M', '2017-01-19', 'Braunchester');
INSERT INTO `accounts` (`user_id`, `gender`, `birthday`, `hometown`) VALUES ('5', 'D', '1978-04-14', 'New Giuseppe');
INSERT INTO `accounts` (`user_id`, `gender`, `birthday`, `hometown`) VALUES ('6', 'D', '1999-09-15', 'Hillardhaven');
INSERT INTO `accounts` (`user_id`, `gender`, `birthday`, `hometown`) VALUES ('7', 'D', '2011-01-05', 'Lake Nelda');
INSERT INTO `accounts` (`user_id`, `gender`, `birthday`, `hometown`) VALUES ('8', 'M', '2018-08-09', 'East Jordyside');
INSERT INTO `accounts` (`user_id`, `gender`, `birthday`, `hometown`) VALUES ('9', 'M', '1978-11-21', 'Port Naomie');
INSERT INTO `accounts` (`user_id`, `gender`, `birthday`, `hometown`) VALUES ('10', 'P', '1970-03-03', 'Lake Elouiseshire');
INSERT INTO `accounts` (`user_id`, `gender`, `birthday`, `hometown`) VALUES ('11', 'M', '1971-03-07', 'Lebsackton');
INSERT INTO `accounts` (`user_id`, `gender`, `birthday`, `hometown`) VALUES ('12', 'D', '1986-07-19', 'North Toreyberg');
INSERT INTO `accounts` (`user_id`, `gender`, `birthday`, `hometown`) VALUES ('13', 'M', '2003-11-17', 'Waterschester');
INSERT INTO `accounts` (`user_id`, `gender`, `birthday`, `hometown`) VALUES ('14', 'M', '2014-05-28', 'South Brown');
INSERT INTO `accounts` (`user_id`, `gender`, `birthday`, `hometown`) VALUES ('15', 'P', '2012-10-21', 'Stephaniaport');
INSERT INTO `accounts` (`user_id`, `gender`, `birthday`, `hometown`) VALUES ('16', 'D', '1995-05-08', 'Flatleyside');
INSERT INTO `accounts` (`user_id`, `gender`, `birthday`, `hometown`) VALUES ('17', 'P', '1990-08-15', 'Dorisburgh');
INSERT INTO `accounts` (`user_id`, `gender`, `birthday`, `hometown`) VALUES ('18', 'M', '2006-02-02', 'New Imogeneshire');
INSERT INTO `accounts` (`user_id`, `gender`, `birthday`, `hometown`) VALUES ('19', 'M', '1972-03-05', 'Kianland');
INSERT INTO `accounts` (`user_id`, `gender`, `birthday`, `hometown`) VALUES ('20', 'D', '2001-04-08', 'Tremblaystad');
INSERT INTO `accounts` (`user_id`, `gender`, `birthday`, `hometown`) VALUES ('21', 'P', '2015-06-29', 'Port Erickafurt');
INSERT INTO `accounts` (`user_id`, `gender`, `birthday`, `hometown`) VALUES ('22', 'D', '2000-07-03', 'Shyannfort');
INSERT INTO `accounts` (`user_id`, `gender`, `birthday`, `hometown`) VALUES ('23', 'M', '1985-08-24', 'Collinsbury');
INSERT INTO `accounts` (`user_id`, `gender`, `birthday`, `hometown`) VALUES ('24', 'M', '1988-02-26', 'Port Philiptown');
INSERT INTO `accounts` (`user_id`, `gender`, `birthday`, `hometown`) VALUES ('25', 'M', '2010-03-31', 'Astridhaven');
INSERT INTO `accounts` (`user_id`, `gender`, `birthday`, `hometown`) VALUES ('26', 'P', '1991-08-27', 'Lake Hulda');
INSERT INTO `accounts` (`user_id`, `gender`, `birthday`, `hometown`) VALUES ('27', 'M', '2014-09-30', 'Caleborough');
INSERT INTO `accounts` (`user_id`, `gender`, `birthday`, `hometown`) VALUES ('28', 'D', '1980-08-27', 'Port Conner');
INSERT INTO `accounts` (`user_id`, `gender`, `birthday`, `hometown`) VALUES ('29', 'D', '1990-10-28', 'New Myrl');
INSERT INTO `accounts` (`user_id`, `gender`, `birthday`, `hometown`) VALUES ('30', 'M', '1971-03-27', 'Port Osvaldofurt');
INSERT INTO `accounts` (`user_id`, `gender`, `birthday`, `hometown`) VALUES ('31', 'M', '1994-07-20', 'Port Madiehaven');
INSERT INTO `accounts` (`user_id`, `gender`, `birthday`, `hometown`) VALUES ('32', 'M', '2016-03-04', 'North Bette');
INSERT INTO `accounts` (`user_id`, `gender`, `birthday`, `hometown`) VALUES ('33', 'P', '2008-07-17', 'Cynthiaberg');
INSERT INTO `accounts` (`user_id`, `gender`, `birthday`, `hometown`) VALUES ('34', 'P', '1993-10-31', 'South Reid');
INSERT INTO `accounts` (`user_id`, `gender`, `birthday`, `hometown`) VALUES ('35', 'P', '1991-09-24', 'North Rosemaryview');
INSERT INTO `accounts` (`user_id`, `gender`, `birthday`, `hometown`) VALUES ('36', 'D', '1976-06-14', 'Port Kirashire');
INSERT INTO `accounts` (`user_id`, `gender`, `birthday`, `hometown`) VALUES ('37', 'M', '1992-02-20', 'New Delaneyburgh');
INSERT INTO `accounts` (`user_id`, `gender`, `birthday`, `hometown`) VALUES ('38', 'P', '2014-02-26', 'Lake Cordiafort');
INSERT INTO `accounts` (`user_id`, `gender`, `birthday`, `hometown`) VALUES ('39', 'M', '1993-08-03', 'Lavinafurt');
INSERT INTO `accounts` (`user_id`, `gender`, `birthday`, `hometown`) VALUES ('40', 'M', '2010-09-13', 'Heathcoteville');
INSERT INTO `accounts` (`user_id`, `gender`, `birthday`, `hometown`) VALUES ('41', 'M', '1997-01-29', 'West Lurlineview');
INSERT INTO `accounts` (`user_id`, `gender`, `birthday`, `hometown`) VALUES ('42', 'M', '1972-10-23', 'Deontown');
INSERT INTO `accounts` (`user_id`, `gender`, `birthday`, `hometown`) VALUES ('43', 'P', '1993-07-06', 'Lizatown');
INSERT INTO `accounts` (`user_id`, `gender`, `birthday`, `hometown`) VALUES ('44', 'M', '2018-05-07', 'Lake Leilafort');
INSERT INTO `accounts` (`user_id`, `gender`, `birthday`, `hometown`) VALUES ('45', 'M', '2009-03-13', 'Javontefort');
INSERT INTO `accounts` (`user_id`, `gender`, `birthday`, `hometown`) VALUES ('46', 'M', '1994-08-15', 'Schowalterhaven');
INSERT INTO `accounts` (`user_id`, `gender`, `birthday`, `hometown`) VALUES ('47', 'P', '1972-07-19', 'Bauchview');
INSERT INTO `accounts` (`user_id`, `gender`, `birthday`, `hometown`) VALUES ('48', 'M', '1997-04-29', 'South Garth');
INSERT INTO `accounts` (`user_id`, `gender`, `birthday`, `hometown`) VALUES ('49', 'P', '2020-04-13', 'Lake Kennithbury');
INSERT INTO `accounts` (`user_id`, `gender`, `birthday`, `hometown`) VALUES ('50', 'M', '2010-06-07', 'Hodkiewiczview');



INSERT INTO `cardholders` (`card_id`, `acc_id`, `card_number`, `purchase_amount`, `accumulation_amount`, `last_purchase`) VALUES ('1', '4', '4024007162036', '5012.65', '60.41', '2018-02-12 04:29:46');
INSERT INTO `cardholders` (`card_id`, `acc_id`, `card_number`, `purchase_amount`, `accumulation_amount`, `last_purchase`) VALUES ('2', '6', '374383662822563', '49139.55', '154.63', '2019-04-15 01:51:52');
INSERT INTO `cardholders` (`card_id`, `acc_id`, `card_number`, `purchase_amount`, `accumulation_amount`, `last_purchase`) VALUES ('3', '8', '4929793255845', '1932.38', '35.75', '2017-06-22 20:31:11');
INSERT INTO `cardholders` (`card_id`, `acc_id`, `card_number`, `purchase_amount`, `accumulation_amount`, `last_purchase`) VALUES ('4', '18', '372652294966757', '354.97', '6.60', '2016-01-03 02:18:01');
INSERT INTO `cardholders` (`card_id`, `acc_id`, `card_number`, `purchase_amount`, `accumulation_amount`, `last_purchase`) VALUES ('5', '28', '375530056118934', '221016.91', '478.61', '2019-08-06 17:34:44');
INSERT INTO `cardholders` (`card_id`, `acc_id`, `card_number`, `purchase_amount`, `accumulation_amount`, `last_purchase`) VALUES ('6', '26', '4929072392066933', '534094.00', '840.00', '2020-02-24 15:19:13');
INSERT INTO `cardholders` (`card_id`, `acc_id`, `card_number`, `purchase_amount`, `accumulation_amount`, `last_purchase`) VALUES ('7', '48', '6011944142017521', '0.00', '0.00', '2018-02-21 12:11:10');
INSERT INTO `cardholders` (`card_id`, `acc_id`, `card_number`, `purchase_amount`, `accumulation_amount`, `last_purchase`) VALUES ('8', '9', '6011280219680734', '2096.71', '11.96', '2015-11-24 07:10:55');
INSERT INTO `cardholders` (`card_id`, `acc_id`, `card_number`, `purchase_amount`, `accumulation_amount`, `last_purchase`) VALUES ('9', '7', '5583006716537867', '639.00', '0.00', '2019-03-02 08:13:58');
INSERT INTO `cardholders` (`card_id`, `acc_id`, `card_number`, `purchase_amount`, `accumulation_amount`, `last_purchase`) VALUES ('10', '1', '5579382930185935', '18943.19', '233.03', '2019-12-28 05:47:36');
INSERT INTO `cardholders` (`card_id`, `acc_id`, `card_number`, `purchase_amount`, `accumulation_amount`, `last_purchase`) VALUES ('11', '3', '5519215666838311', '880710.63', '4590.00', '2017-10-17 02:01:30');
INSERT INTO `cardholders` (`card_id`, `acc_id`, `card_number`, `purchase_amount`, `accumulation_amount`, `last_purchase`) VALUES ('12', '2', '6011660805366600', '100730.65', '369.40', '2016-11-20 19:11:17');


INSERT INTO catalogs VALUES
  (1, 'Электронные компоненты'),
  (2, 'Измерительное оборудование'),
  (3, 'Паяльное оборудование'),
  (4, 'Инструменты'),
  (5, 'Готовые комплекты'),
  (6, 'Блоки питания'),
  (7, 'Модули');


 INSERT INTO type_goods VALUES
  (1, 'Резисторы', 1),
  (2, 'Конденсаторы', 1),
  (3, 'Микросхемы', 1),
  (4, 'Транзисторы', 1),
  (5, 'Вольтметр', 2),
  (6, 'Генератор', 2),
  (7, 'Мультиметр', 2),
  (8, 'Паяльник электрический', 3),
  (9, 'Паяльная станция', 3),
  (10, 'Расходные материалы', 4),
  (11, 'Отвертки', 4),
  (12, 'Губцевый инструмент', 4),
  (13, 'Игры для детей', 5),
  (14, 'Программирование микроконтроллеров', 5),
  (15, 'Блок питания', 6),
  (16, 'Диоды', 1),
  (17, 'Оптоэлектроника', 1),
  (18, 'Датчики', 1),
  (19, 'Модули', 7);
  
INSERT INTO manufacturer VALUES
  (1, 'РФ'),
  (2, 'Китай'),
  (3, 'Тайвань'),
  (4, 'США'),
  (5, 'Германия'),
  (6, 'Италия');
 

INSERT INTO goods VALUES
(1, '1 Ом CF-100 Резистор', '1 Вт, 1 Ом, 5%', 'Резисторы с углеродным проводящим слоем', 4, 1, 3, 1),
(2, '0.22мкФ ECAP (К50-35) Конденсатор', '0.22мкФ, 50В, 105°C, 20%, 5x11мм P:2мм', 'Конденсатор электролитический алюминиевый', 5, 1, 3, 2),
(3, 'GDM-8245', 'Базовая погрешность 0,03%, 10 мкВ - 1200 В, ~10 мкВ - 1000 В в полосе 20 Гц', 'Вольтметр 10мкВ-1200В', 28600, 2, 4, 5),
(4, 'Малина v4 (1 ГБ)','Обучающий компьютер на Linux', 'Стартовый набор «Малина» v4 (1 ГБ) — это комплект для комфортного начала работы с младшей Raspberry Pi 4 с 1 ГБ памяти, в котором вы найдёте всё необходимое для прохождения 19 обучающих проектов с примерами использования!', 6790 , 5, 1, 14),
(5, 'Робожук', 'Да это же РОБОЖУК!', 'Электронный конструктор «Робожук» откроет мир робототехники восьмилетним инженерам. 14 увлекательных экспериментов со светом, звуком и движением познакомят ребёнка с азами схемотехники.', 2590, 5, 1, 13),
(6, 'ЭПСН  Паяльник', '230В,150Вт', 'ø 20 мм,нихромовый нагреватель, деревянная ручка', 2120, 3, 2, 8),
(7, 'Паяльник- 42/ 40, ЭПЦН', '40 Вт, 42 В', 'Паяльное оборудование', 830, 3, 1, 8),
(8, 'ЭПСН  Паяльник', '230В,150Вт', 'ø 20 мм,нихромовый нагреватель, деревянная ручка', 2120, 3, 2, 8),
(9, 'К10-17В Н90', '0.01мкФ', 'Конденсатор керамический SMD', 25, 1, 1, 2),
(10, 'AFG1022', ' 2 канала, 4 стандартных и 50 встроенных форм сигналов', 'Генератор сигналов произвольной формы и стандартных функций ', 88900, 2, 4, 6),
(11, 'Fluke 106', 'Входная клемма для измерений переменного и постоянного тока силой до 10 А и тока', 'Мультиметр цифровой', 4470, 2, 4, 7),
(12, 'BD9897FS', 'ШИМ-контроллер', 'контроллер инвертора DC/ AC, [SSOP-32]', 130, 1, 2, 3),
(13, 'FGH40N60SMD', '600В, 80А, 349Вт', 'Транзистор, IGBT', 260, 1, 3, 4),
(14, 'AUIRF1324', '24В 353А', 'Транзистор, Auto Q101 Nкан', 230, 1, 3, 4),
(15, 'IRF1324PBF', '24В 353А', 'Транзистор, N-канал', 140, 1, 3, 4),
(16, 'AH-100', '100 Вт, 0.1 Ом, 5%', 'Резистор силовой', 950, 1, 3, 1),
(17, 'ADUC812BSZ', '12-Bit ADC, 8-bit ADuC8xx 8052 CISC 8KB Flash 3.3V/5V', 'Микроконвертер', 1050, 1, 4, 3),
(18, '6.8пФ К10-17А М47', '6.8пФ, 20%', 'Конденсатор керамический выводной', 32, 1, 3, 2),
(19, 'B32373A5107J530', '105 мкФ, 530 В, 5%', 'MKD AC, Конденсатор силовой', 5700, 1, 1, 2),
(20, 'МБГЧ-1', '0.25мкФ х 1000В 10%', 'Конденсатор металлобумажный', 400, 1, 1, 2),
(21, 'ADUC848BSZ62-5', '16-бит АЦП с встроенной 62 kB Flash и Single-Cycle MCU', 'Мультиканальный микроконтроллер', 1140, 1, 3, 3),
(22, 'ATmega328P-AU', '8-Бит, picoPower, AVR, 20МГц, 32КБ Flash', 'Микроконтроллер', 190, 1, 4, 3),
(23, '16K1-A100K L20KC', '100 кОм', 'Резистор переменный', 47, 1, 2, 1),
(24, '33522B', '2 канала, 30 МГц', 'Генератор сигналов произвольной формы', 337210, 2, 4, 6),
(25, 'Analog-60A', '190 Вт, 230 В', 'Станция паяльная антистатическая аналоговая', 22160, 3, 4, 9),
(26, '1350F-2', '20мм', 'Лента для трансформаторов электротехническая полиэфирная, изоляционная', 590, 4, 1, 10),
(27, '13-906 VDE', 'Длина 160 мм, вес 210 г', 'Кусачки высоковольтные', 1800, 4, 5, 12),
(28, '89400-H1.5', 'шестигранник, 1.5мм, CrMoV', 'Отвертка магнитная HEX', 200, 4, 5, 11),
(29, 'CyberLight', 'Да это же КИБЕРФОНАРЬ!', ' Набор CyberLight поможет спаять свой первый гаджет и в то же время прокачать скилл владения паяльным жалом.', 490, 5, 1, 13),
(30, 'Arduino Uno','16 МГц, 32 КБ', 'Это оригинальная модель Arduino Rev3, произведённая в Италии. Она сделана на базе микроконтроллера ATmega328p ', 1940 , 5, 6, 14),
(31, 'Arduino Nano 33 BLE Sense','64 МГц, 1 МБ флеш-памяти и 256 КБ оперативной памяти', 'Arduino Nano 33 BLE Sense — продвинутый контроллер для управления умным домом и проектов интернета вещей (IoT) с поддержкой машинного обучения.', 3690 , 5, 6, 14),
(32, 'Микроник', 'Да это же МИКРОНИК!', ' Это электронный конструктор, который сможет заинтересовать юное чадо и проявить его талант.', 990 , 5, 1, 13),
(33, 'Лаборатория биолога','Лаборатория биолога', 'Пройдите школьный курс из 18 лабораторных работ по биологии для 6 класса, чтобы пополнить свои знания ботаники и в совершенстве овладеть искусством гидропонного выращивания зелени. Ботаник — это звучит гордо!', 88290 , 5, 1, 14),
(34, 'PS3005', '0-30V-5A 1xLCD', 'Источник питания импульсный', 5570, 6, 5, 15),
(35, 'QJ3003C III', '0-30V-3Ax2;5V3A 4xLCD', 'Источник питания', 12490, 6, 5, 15),
(36, 'N5746A', '40В, 19А, 760Вт', 'Системный источник питания постоянного тока', 187420, 6, 4, 15),
(37, '3006P-1-101LF', '100 Ом', 'Резистор подстроечный', 75, 1, 5, 1),
(38, 'С2-29в', '0.25 Вт 64.9 кОм 1%', 'Резистор', 8, 1, 1, 1),
(39, '74HC4051D,653', '0-30V-5A 1xLCD', 'Источник питания импульсный', 5570, 6, 5, 15),
(40, '74CBTLV3253D,118', '2 Channels, 1:4, 2.3 V to 3.6 V', 'Demultiplexer, CBT Family', 63, 1, 4, 3),
(41, 'PL4310', 'кислота 20мл., канифоль 20гр., припой пос-61, флюс СКФ 20 мл', 'Набор для пайки', 340, 4, 1, 10),
(42, 'FR4', '50х100мм 18/18 (1.5мм, 18мкм)', 'Cтеклотекстолит 2-сторонний, фольгированный', 120, 4, 1, 10),
(43, 'ПОС 30', 'Тр d=2.0мм 1кг', 'Припой ПОС30 - применяется для пайки латуни, меди, железа, цинковых и оцинкованных листов', 1770, 4, 1, 10),
(44, 'FMKANC32-005', 'Вес, г 16', 'Флюс-крем высококачественный', 2440, 4, 5, 10),
(45, 'J113', '30В 50мА 350мВт', 'Транзистор N-канал', 12, 1, 4, 4),
(46, 'КТ3157А', '0.03А, 250В, h21e=50…420', 'Транзистор PNP', 12, 1, 1, 4),
(47, 'DK-2039', 'Ширина лезвия 18, Вес, г 135', 'Нож универсальный (3 сменных лезвия)', 450, 4, 5, 12),
(48, 'J112', '30В 50мА 350мВт', 'Транзистор N-канал', 12, 1, 4, 4),
(49, '4.7 Ом CF-100 Резистор', '1 Вт, 4.7 Ом, 5%', 'Резисторы с углеродным проводящим слоем', 4, 1, 3, 1),
(50, '91 кОм CF-100 Резистор', '1 Вт, 91 кОм, 5%', 'Резисторы с углеродным проводящим слоем', 4, 1, 3, 1),
(51, '2.2 кОм CF-100 Резистор', '1 Вт, 2.2 кОм, 5%', 'Резисторы с углеродным проводящим слоем', 4, 1, 3, 1),
(52, '330 Ом CF-100 Резистор', '1 Вт, 330 Ом, 5%', 'Резисторы с углеродным проводящим слоем', 4, 1, 3, 1),
(53, '1 мкФ ECAP (К50-35) Конденсатор', '1мкФ, 160В, 105°C, 20%, 6.3x11мм P:2.5мм', 'Конденсатор электролитический алюминиевый', 5, 1, 3, 2),
(54, '470 мкФ ECAP (К50-35) Конденсатор', '470 мкФ, 400 В, 105°C, 20% snap in 35x45', 'Конденсатор электролитический алюминиевый', 5, 1, 3, 2),
(55, '2SK163', '30В 50мА 350мВт', 'Транзистор N-канал', 6.69, 1, 3, 4),
(56, '10A10', '10А 1000В', 'Диод выпрямительный', 28, 1, 3, 16),
(57, '10A05', '10А 1000В', 'Диод выпрямительный', 18.72, 1, 3, 16),
(58, '91 кОм NONAME Резистор', '1 Вт, 91 кОм, 5%', 'Дешевый резистор', 1, 1, 3, 1),
(59, '4.7 Ом NONAME Резистор', '1 Вт, 4.7 Ом, 5%', 'Дешевый резистор', 1, 1, 3, 1),
(60, '2.2 кОм NONAME Резистор', '1 Вт, 2.2 кОм, 5%', 'Дешевый резистор', 1, 1, 3, 1),
(61, '2022 (6F22)', '9В', 'Элемент питания солевой Superlife', 150, 6, 3, 15),
(62, 'GNL-3012ED', 'd=3мм 8мКд 635нМ (Orange)', 'Светодиод оранжевый 60°', 10, 1, 2, 17),
(63, 'КТ315', 'NPN, 35В, 0.1А, 0.15Вт, 250МГц, h21e=50…350', 'Биполярный транзистор', 7, 1, 1, 4),
(64, '1.5 кОм CF-100 Резистор', '1 Вт, 1.5 кОм, 5%', 'Резисторы с углеродным проводящим слоем', 8, 1, 3, 1),
(65, 'DS18B20', '1-Wire, -55...125°C [TO-92]', 'Цифровой термометр', 180, 1, 3, 18),
(66, '220 Ом CF-100 Резистор', '1 Вт, 220 Ом, 5%', 'Резисторы с углеродным проводящим слоем', 4, 1, 3, 1),
(67, 'MX-FS-03V', '433MHz', 'передатчик', 65, 7, 3, 19),
(68, 'Grove - LCD RGB Backlight', '5В', 'ЖК дисплей', 1650, 7, 4, 19),
(69, 'TDA2025', 'Корпус	DIP-12F', 'УНЧ', 377, 1, 4, 3),
(70, '0.15 мкФ ECAP (К50-35) Конденсатор', '0.15 мкФ, 160В, 105°C, 20%, 6.3x11мм P:2.5мм', 'Конденсатор электролитический алюминиевый', 5, 1, 3, 2),
(71, '1000 мкФ ECAP (К50-35) Конденсатор', '1000 мкФ, 160В, 105°C, 20%, 6.3x11мм P:2.5мм', 'Конденсатор электролитический алюминиевый', 9, 1, 3, 2);




INSERT INTO radio_analog VALUES
	(NULL, 45, 'J113', 55, '2SK163'),
    (NULL, 55, '2SK163', 45, 'J113'),
    (NULL, 50, '91 кОм CF-100, Резистор', 58, '91 кОм NONAME Резистор'),
    (NULL, 58, '91 кОм NONAME Резистор', 50, '91 кОм CF-100, Резистор'),
    (NULL, 49, '4.7 Ом CF-100, Резистор', 59, '4.7 Ом NONAME, Резистор'),
    (NULL, 59, '4.7 Ом NONAME, Резистор', 49, '4.7 Ом CF-100, Резистор'),
    (NULL, 51, '2.2 кОм CF-100, Резистор', 60, '2.2 кОм NONAME, Резистор'),
    (NULL, 60, '2.2 кОм NONAME, Резистор', 51, '2.2 кОм CF-100, Резистор'),
	(NULL, 56, '10A10', 57, '10A05'),
    (NULL, 57, '10A05', 56, '10A10');

INSERT INTO `orders` (`id`, `user_id`, `price`, `created_at`, `received_at`) VALUES ('1', '3', '139515.17', '2020-02-09 10:23:27', '2020-02-10 17:05:56');
INSERT INTO `orders` (`id`, `user_id`, `price`, `created_at`, `received_at`) VALUES ('2', '2', '454.40', '2017-04-25 17:04:37', '2017-04-26 15:28:26');
INSERT INTO `orders` (`id`, `user_id`, `price`, `created_at`, `received_at`) VALUES ('3', '7', '4106.66', '2018-07-20 06:40:09', '2018-07-21 20:22:50');
INSERT INTO `orders` (`id`, `user_id`, `price`, `created_at`, `received_at`) VALUES ('4', '3', '193850.00', '2019-02-21 08:35:11', '2019-02-22 19:59:19');
INSERT INTO `orders` (`id`, `user_id`, `price`, `created_at`, `received_at`) VALUES ('5', '2', '258.00', '2016-03-01 00:41:01', '2016-03-07 20:32:03');
INSERT INTO `orders` (`id`, `user_id`, `price`, `created_at`, `received_at`) VALUES ('6', '9', '57055.00', '2017-07-01 00:27:36', '2017-07-03 12:30:55');
INSERT INTO `orders` (`id`, `user_id`, `price`, `created_at`, `received_at`) VALUES ('7', '9', '17523.00', '2018-03-10 15:07:00', '2018-03-16 12:18:43');
INSERT INTO `orders` (`id`, `user_id`, `price`, `created_at`, `received_at`) VALUES ('8', '2', '2621.43', '2019-06-08 03:33:18', '2019-06-14 17:57:54');
INSERT INTO `orders` (`id`, `user_id`, `price`, `created_at`, `received_at`) VALUES ('9', '1', '5000.00', '2018-12-10 07:13:29', '2018-12-18 15:01:51');
INSERT INTO `orders` (`id`, `user_id`, `price`, `created_at`, `received_at`) VALUES ('10', '2', '539.91', '2015-06-16 06:00:38', '2015-06-29 16:54:08');
INSERT INTO `orders` (`id`, `user_id`, `price`, `created_at`, `received_at`) VALUES ('11', '1', '2778.83', '2019-08-24 00:30:21', '2019-09-19 17:07:13');
INSERT INTO `orders` (`id`, `user_id`, `price`, `created_at`, `received_at`) VALUES ('12', '3', '3000.00', '2017-08-21 10:26:21', '2017-08-22 18:18:54');
INSERT INTO `orders` (`id`, `user_id`, `price`, `created_at`, `received_at`) VALUES ('13', '2', '500.00', '2011-05-02 19:55:58', '2011-05-07 17:03:49');
INSERT INTO `orders` (`id`, `user_id`, `price`, `created_at`, `received_at`) VALUES ('14', '7', '4.73', '2018-06-05 09:05:01', '2018-06-07 17:25:17');
INSERT INTO `orders` (`id`, `user_id`, `price`, `created_at`, `received_at`) VALUES ('15', '5', '6058.31', '2018-08-25 03:07:23', '2018-08-26 12:12:30');


INSERT INTO `delivery` (`id`, `order_id`, `address`, `price_fror_delivery`, `delivered_at`) VALUES ('1', '3', '4214 Davis Stream\nLangworthberg, OH 07363', '78.45', '2018-07-21 20:22:50');
INSERT INTO `delivery` (`id`, `order_id`, `address`, `price_fror_delivery`, `delivered_at`) VALUES ('2', '9', '318 Dach Glen\nNew Albina, NE 21724-5095', '168.60', '2018-12-18 15:01:51');
INSERT INTO `delivery` (`id`, `order_id`, `address`, `price_fror_delivery`, `delivered_at`) VALUES ('3', '2', '324 Violet Extensions Suite 483\nWest Delphineberg, IA 32435-6452', '20.86', '2017-04-26 15:28:26');
INSERT INTO `delivery` (`id`, `order_id`, `address`, `price_fror_delivery`, `delivered_at`) VALUES ('4', '11', '82437 Sister Tunnel\nNew Brennonville, NV 30600-8660', '0.00', '2019-09-19 17:07:13');
INSERT INTO `delivery` (`id`, `order_id`, `address`, `price_fror_delivery`, `delivered_at`) VALUES ('5', '5', '6233 Sanford Spurs Suite 625\nWest Myraburgh, WA 28241-4387', '0', '2016-03-07 20:32:03');


INSERT INTO reviews VALUES
(NULL, 1, 28, 9, 'Все отлично, спасибо', '2019-08-14 19:51:23'),
(NULL, 5, 31, 3, 'Все оочень плохо, мне не понравилось', '2020-03-14 12:51:23'),
(NULL, 8, 10, 7, 'Неплохо, хороший товар.', '2018-07-22 10:51:23'),
(NULL, 9, 5, 8, 'Спасибо', '2020-06-23 17:51:23'),
(NULL, 31, 9, 1, 'Я в гневе!', '2020-08-14 16:51:23');

INSERT INTO reviews VALUES
(NULL, 5, 45, 8, 'Все отлично, спасибо', '2017-08-14 19:51:23'),
(NULL, 6, 33, 10, 'Все отлично', '2019-03-14 12:51:23'),
(NULL, 17, 53, 6, 'Неплохо, хороший товар.', '2019-07-22 10:51:23'),
(NULL, 28, 48, 5, 'Не все так хорошо, как вы пишите', '2015-06-23 17:51:23'),
(NULL, 42, 9, 4, 'Я не в восторге от этого товара!', '2017-08-14 16:51:23');


INSERT INTO `discounts` (`id`, `goods_id`, `discount`, `started_at`, `finished_at`) VALUES ('1', '28', '0.1', '2017-07-27 13:15:45', '2018-10-15 21:13:36');
INSERT INTO `discounts` (`id`, `goods_id`, `discount`, `started_at`, `finished_at`) VALUES ('2', '25', '0.2', '2019-02-22 00:27:26', '2019-04-20 03:10:02');
INSERT INTO `discounts` (`id`, `goods_id`, `discount`, `started_at`, `finished_at`) VALUES ('3', '37', '0.3', '2020-05-09 18:42:56', '2020-05-11 01:04:33');
INSERT INTO `discounts` (`id`, `goods_id`, `discount`, `started_at`, `finished_at`) VALUES ('4', '12', '0.4', '2018-03-31 04:02:46', '2018-04-30 07:40:21');
INSERT INTO `discounts` (`id`, `goods_id`, `discount`, `started_at`, `finished_at`) VALUES ('5', '6', '0.5', '2019-01-22 03:10:32', '2019-02-26 08:45:43');

INSERT INTO projects VALUES
	(1, 'Зажжем светодиодик', 62, 'GNL-3012ED, 330 Ом CF-100 Резистор, 2022 (6F22)', 'Самый простой проект, просто зажигаем светодиод.', 1);
	
INSERT INTO projects VALUES
	(2, 'Мигалка на КТ315', 63, 'КТ315, GNL-3012ED, 1.5 кОм CF-100 Резистор, 470 мкФ ECAP (К50-35) Конденсатор, 2022 (6F22)', 'Мигалка на КТ315', 4);
    
INSERT INTO projects VALUES
	(3, 'Метеостанция на Arduino', 31, 'Arduino Nano 33 BLE Sense, DS18B20, 220 Ом CF-100 Резистор, MX-FS-03V, Grove - LCD RGB Backlight', 'Метеостанция на Arduino с беспроводным датчиком температуры', 8),
	(4, 'Усилитель на TDA2025', 69, 'TDA2025, 0.15 мкФ ECAP (К50-35) Конденсатор, 0.22мкФ ECAP (К50-35) Конденсатор, 1 мкФ ECAP (К50-35) Конденсатор, B32373A5107J530, 1 Ом CF-100 Резистор', 'Усилитель на TDA2025', 7),
	(5, 'Усилитель на КТ315', 63, 'КТ315, КТ315, КТ315, 1 мкФ ECAP (К50-35) Конденсатор, 1000 мкФ ECAP (К50-35) Конденсатор, 1000 мкФ ECAP (К50-35) Конденсатор, 16K1-A100K L20KC, 16K1-A100K L20KC, 2.2 кОм NONAME Резистор', 'Собран всего на 3-х транзисторах обратной проводимости', 5);	
    